date,ET_mm,water_deficit_mm,heat_stress_level,rainfall_mm,temp_min,temp_max,humidity_mean,wbgt_max,heat_index_max,coverage
2026-08-28,3.99,3.99,LOW,0.0,12.6,27.3,57.94,21.1,26.7,0.86
2026-08-29,3.96,3.96,LOW,0.0,14.2,27.4,57.71,21.1,26.7,0.99
2026-08-30,3.76,3.76,LOW,0.0,15.1,26.6,64.93,20.9,26.5,0.98
2026-08-31,2.96,2.56,LOW,0.4,14.7,22.3,76.52,17.5,22.2,0.99
2026-09-01,3.85,3.85,LOW,0.0,15.2,27.5,67.11,21.5,27.3,0.99
2026-09-02,4.07,4.07,MODERATE,0.0,16.0,29.3,63.23,22.4,28.5,0.99
2026-09-03,4.01,4.01,LOW,0.0,13.8,27.9,65.92,21.8,27.8,0.99
2026-09-04,4.06,4.06,LOW,0.0,11.9,27.1,68.01,21.6,27.4,0.99
2026-09-05,4.4,4.4,MODERATE,0.0,14.1,29.8,61.67,23.0,29.4,0.99
2026-09-06,4.18,4.18,MODERATE,0.0,15.0,29.2,60.27,22.3,28.4,0.99
2026-09-07,4.31,4.31,MODERATE,0.0,13.4,29.4,61.89,22.5,28.7,0.99
2026-09-08,2.78,2.78,LOW,0.0,13.3,20.4,75.26,15.8,20.3,0.99
2026-09-09,3.07,3.07,LOW,0.0,15.5,23.2,70.84,18.2,23.1,0.99
2026-09-10,3.63,3.63,LOW,0.0,16.1,26.1,67.36,20.6,26.0,0.99
2026-09-11,3.76,3.76,LOW,0.0,16.8,27.4,69.14,21.5,27.3,0.99
2026-09-12,3.48,3.48,LOW,0.0,16.1,25.6,73.78,20.2,25.6,0.99
2026-09-13,3.8,3.8,LOW,0.0,16.9,27.7,68.84,21.9,27.9,0.99
2026-09-14,4.02,4.02,MODERATE,0.0,16.8,28.6,64.44,22.3,28.4,0.99
2026-09-15,2.32,2.32,LOW,0.0,16.9,20.7,79.04,16.2,20.7,0.99
